,Id,Name,Sort,Nodes
0,DEAI63C,★本月強打活動★,1,"[{'Id': 'DEAIU4', 'Name': '&#9658;寶貝暖暖好過冬', 'Sort': 1, 'is24h': 1, 'isVip': 0, 'isPick': 0}, {'Id': 'DEAIY9', 'Name': '麗嬰房童裝★保暖特輯$188起', 'Sort': 2, 'is24h': 1, 'isVip': 0, 'isPick': 0}, {'Id': 'DEAIT3', 'Name': '&#9658;1月買就送13%P幣', 'Sort': 3, 'is24h': 1, 'isVip': 0, 'isPick': 0}, {'Id': 'DEAIE8', 'Name': '麗嬰房新春送禮&#9658;滿1500送100P幣', 'Sort': 4, 'is24h': 1, 'isVip': 0, 'isPick': 0}, {'Id': 'DEAIVY', 'Name': '麗嬰房獨家商品&#9658;滿999送88P幣', 'Sort': 5, 'is24h': 1, 'isVip': 0, 'isPick': 0}, {'Id': 'DEAILB', 'Name': '麗嬰房箱購品&#9658;滿1888送5%P幣', 'Sort': 6, 'is24h': 1, 'isVip': 0, 'isPick': 0}, {'Id': 'DEAIRY', 'Name': '媽媽寶寶&#9658;得獎菁品大賞', 'Sort': 7, 'is24h': 1, 'isVip': 0, 'isPick': 0}, {'Id': 'DEAIYT', 'Name': '&#9658;寶貝防疫專區', 'Sort': 8, 'is24h': 1, 'isVip': 0, 'isPick': 0}]"
1,DEAI57C,▌HOT哈燒話題 ▌,2,"[{'Id': 'DEAIBD', 'Name': '&#128270; 兔寶寶送禮清單', 'Sort': 1, 'is24h': 1, 'isVip': 0, 'isPick': 0}, {'Id': 'DEAIZO', 'Name': '&#128270; 彌月禮盒推薦！', 'Sort': 2, 'is24h': 1, 'isVip': 0, 'isPick': 0}]"
2,DEAI19C,nac nac育兒用品,3,"[{'Id': 'DEAI0H', 'Name': '&#9658;nac nac全系列', 'Sort': 1, 'is24h': 1, 'isVip': 0, 'isPick': 0}, {'Id': 'DEAI8M', 'Name': 'nac nac 奶瓶奶嘴', 'Sort': 2, 'is24h': 1, 'isVip': 0, 'isPick': 0}, {'Id': 'DEAI2U', 'Name': 'nac nac衣物.奶蔬洗滌', 'Sort': 3, 'is24h': 1, 'isVip': 0, 'isPick': 0}, {'Id': 'DEAIVI', 'Name': 'nac nac身體洗護用品', 'Sort': 4, 'is24h': 1, 'isVip': 0, 'isPick': 0}, {'Id': 'DEAI2V', 'Name': 'nac nac哺乳/電器用品', 'Sort': 5, 'is24h': 1, 'isVip': 0, 'isPick': 0}, {'Id': 'DEAI2X', 'Name': 'nac nac寢具/織品', 'Sort': 6, 'is24h': 1, 'isVip': 0, 'isPick': 0}, {'Id': 'DEAIK3', 'Name': 'nac nac濕巾/兩用巾', 'Sort': 7, 'is24h': 1, 'isVip': 0, 'isPick': 0}]"
3,DEAI70C,麗嬰房品牌專館,4,"[{'Id': 'DEAIKL', 'Name': '◤◤麗嬰房獨家系列', 'Sort': 1, 'is24h': 1, 'isVip': 0, 'isPick': 0}, {'Id': 'DEAIW3', 'Name': '◤◤麗嬰房童裝外出服', 'Sort': 2, 'is24h': 1, 'isVip': 0, 'isPick': 0}, {'Id': 'DEAITS', 'Name': '◤◤嬰幼內著/居家服', 'Sort': 3, 'is24h': 1, 'isVip': 0, 'isPick': 0}, {'Id': 'DEAIMT', 'Name': '◤◤lesenphants 清潔用品', 'Sort': 4, 'is24h': 1, 'isVip': 0, 'isPick': 0}, {'Id': 'DEAIK9', 'Name': '◤◤lesenphants 寢具織品', 'Sort': 5, 'is24h': 1, 'isVip': 0, 'isPick': 0}, {'Id': 'DEAIUD', 'Name': '◤◤推車/汽座/餐搖椅', 'Sort': 6, 'is24h': 1, 'isVip': 0, 'isPick': 0}, {'Id': 'DEAILQ', 'Name': '◤◤美國Carter’s童裝', 'Sort': 7, 'is24h': 1, 'isVip': 0, 'isPick': 0}, {'Id': 'DEAIUY', 'Name': '├包屁衣/連身裝/多件組套裝', 'Sort': 8, 'is24h': 1, 'isVip': 0, 'isPick': 0}, {'Id': 'DEAI0S', 'Name': '├上衣/襯衫/外套/背心', 'Sort': 9, 'is24h': 1, 'isVip': 0, 'isPick': 0}, {'Id': 'DEAIKD', 'Name': '├褲/裙/吊帶/洋裝', 'Sort': 10, 'is24h': 1, 'isVip': 0, 'isPick': 0}]"
4,DEAI16C,日本貝親官方旗鑑,5,"[{'Id': 'DEAIVG', 'Name': '&#9658;日本貝親全系列', 'Sort': 1, 'is24h': 1, 'isVip': 0, 'isPick': 0}, {'Id': 'DEAIV2', 'Name': '├貝親 奶瓶奶嘴', 'Sort': 2, 'is24h': 1, 'isVip': 0, 'isPick': 0}, {'Id': 'DEAI0E', 'Name': '├貝親 副食品餐具', 'Sort': 3, 'is24h': 1, 'isVip': 0, 'isPick': 0}, {'Id': 'DEAI0D', 'Name': '├貝親 沐浴清潔保養', 'Sort': 4, 'is24h': 1, 'isVip': 0, 'isPick': 0}, {'Id': 'DEAI0C', 'Name': '├貝親 哺育用品', 'Sort': 5, 'is24h': 1, 'isVip': 0, 'isPick': 0}, {'Id': 'DECH9C01', 'Name': '├貝親 食品+用品任選 ', 'Sort': 6, 'is24h': 1, 'isVip': 0, 'isPick': 1}]"
5,DEAI06C,娃娃城 BabyCity ,6,"[{'Id': 'DEAI7H', 'Name': '■娃娃城Baby City', 'Sort': 1, 'is24h': 1, 'isVip': 0, 'isPick': 0}, {'Id': 'DEAIZ0', 'Name': '■德國RECARO', 'Sort': 2, 'is24h': 1, 'isVip': 0, 'isPick': 0}, {'Id': 'DEAITU', 'Name': ' ■德國feiler毛巾', 'Sort': 3, 'is24h': 1, 'isVip': 0, 'isPick': 0}, {'Id': 'DEAIZM', 'Name': '■德國FEHN芬恩', 'Sort': 4, 'is24h': 1, 'isVip': 0, 'isPick': 0}, {'Id': 'DEAIE9', 'Name': '■美國aden+anais', 'Sort': 5, 'is24h': 1, 'isVip': 0, 'isPick': 0}, {'Id': 'DEAI0F', 'Name': ' ■美國Little Me 童裝', 'Sort': 6, 'is24h': 1, 'isVip': 0, 'isPick': 0}, {'Id': 'DEAIRB', 'Name': ' ■美國RKS太陽眼鏡', 'Sort': 7, 'is24h': 1, 'isVip': 0, 'isPick': 0}, {'Id': 'DEAI15', 'Name': ' ■澳洲Playgro培高', 'Sort': 8, 'is24h': 1, 'isVip': 0, 'isPick': 0}, {'Id': 'DEAII6', 'Name': '■法國Djeco智荷', 'Sort': 9, 'is24h': 1, 'isVip': 0, 'isPick': 0}, {'Id': 'DEAIXX', 'Name': '■日本Toyroyal樂雅', 'Sort': 10, 'is24h': 1, 'isVip': 0, 'isPick': 0}, {'Id': 'DEAI9X', 'Name': ' ■比利時Doomoo婦嬰品', 'Sort': 11, 'is24h': 1, 'isVip': 0, 'isPick': 0}, {'Id': 'DEAIF2', 'Name': ' ■以色列Halilit 音樂玩具', 'Sort': 12, 'is24h': 1, 'isVip': 0, 'isPick': 0}, {'Id': 'DEAIV9', 'Name': ' ■英國LittleLife防走失包 ', 'Sort': 13, 'is24h': 1, 'isVip': 0, 'isPick': 0}, {'Id': 'DEAIEY', 'Name': '■英國cloud b玩具', 'Sort': 14, 'is24h': 1, 'isVip': 0, 'isPick': 0}, {'Id': 'DEAIF1', 'Name': ' ■英國SmarTrike三輪車', 'Sort': 15, 'is24h': 1, 'isVip': 0, 'isPick': 0}, {'Id': 'DEAIXG', 'Name': '■59S 紫外線消毒', 'Sort': 16, 'is24h': 1, 'isVip': 0, 'isPick': 0}, {'Id': 'DEAI0B', 'Name': ' ■Silli Chews固齒器', 'Sort': 17, 'is24h': 1, 'isVip': 0, 'isPick': 0}, {'Id': 'DEAIGY', 'Name': '■CaaOcho可趣', 'Sort': 18, 'is24h': 1, 'isVip': 0, 'isPick': 0}, {'Id': 'DEAI1L', 'Name': ' ■其它專櫃品牌', 'Sort': 19, 'is24h': 1, 'isVip': 0, 'isPick': 0}, {'Id': 'DEAIV3', 'Name': '├日本Aprica', 'Sort': 20, 'is24h': 1, 'isVip': 0, 'isPick': 0}]"
6,DEAI02C,小獅王辛巴 Simba,7,"[{'Id': 'DEAIVP', 'Name': '&#9658;小獅王辛巴全系列', 'Sort': 1, 'is24h': 1, 'isVip': 0, 'isPick': 0}, {'Id': 'DEAIXV', 'Name': '★獲獎鉑金奶瓶★', 'Sort': 2, 'is24h': 1, 'isVip': 0, 'isPick': 0}, {'Id': 'DEAI84', 'Name': ' ├Simba奶瓶奶嘴', 'Sort': 3, 'is24h': 1, 'isVip': 0, 'isPick': 0}, {'Id': 'DEAI07', 'Name': '├Simba哺育用品', 'Sort': 4, 'is24h': 1, 'isVip': 0, 'isPick': 0}, {'Id': 'DEAI06', 'Name': '├Simba清潔用品', 'Sort': 5, 'is24h': 1, 'isVip': 0, 'isPick': 0}, {'Id': 'DEAI05', 'Name': '├Simba棉織衣物', 'Sort': 6, 'is24h': 1, 'isVip': 0, 'isPick': 0}, {'Id': 'DEAI23', 'Name': '├Simba生活用品', 'Sort': 7, 'is24h': 1, 'isVip': 0, 'isPick': 0}]"
7,DEAI35C,日本 Combi,8,"[{'Id': 'DEAIVL', 'Name': '&#9658;Combi全系列', 'Sort': 1, 'is24h': 1, 'isVip': 0, 'isPick': 0}, {'Id': 'DEAI58', 'Name': '├Combi 生活用品', 'Sort': 2, 'is24h': 1, 'isVip': 0, 'isPick': 0}]"
8,DEAI33C,義大利chicco,9,"[{'Id': 'DEAIVQ', 'Name': '&#9658;義大利chicco全系列', 'Sort': 1, 'is24h': 1, 'isVip': 0, 'isPick': 0}, {'Id': 'DEAI4O', 'Name': '├chicco 哺育用品', 'Sort': 2, 'is24h': 1, 'isVip': 0, 'isPick': 0}, {'Id': 'DEAINZ', 'Name': '├chicco 生活用品 ', 'Sort': 3, 'is24h': 1, 'isVip': 0, 'isPick': 0}, {'Id': 'DEAI4L', 'Name': '├chicco 清潔保養', 'Sort': 4, 'is24h': 1, 'isVip': 0, 'isPick': 0}, {'Id': 'DEAU7201', 'Name': '├chicco 外出用品 ', 'Sort': 5, 'is24h': 1, 'isVip': 0, 'isPick': 0}]"
9,DEAI10C,奇哥,10,"[{'Id': 'DEAIVF', 'Name': '&#9658;奇哥全系列', 'Sort': 1, 'is24h': 1, 'isVip': 0, 'isPick': 0}, {'Id': 'DEAI13', 'Name': '├奇哥育兒生活', 'Sort': 2, 'is24h': 1, 'isVip': 0, 'isPick': 0}, {'Id': 'DEAI0O', 'Name': '├奇哥清潔保養', 'Sort': 3, 'is24h': 1, 'isVip': 0, 'isPick': 0}, {'Id': 'DEAINY', 'Name': '├奇哥比得兔專區', 'Sort': 4, 'is24h': 1, 'isVip': 0, 'isPick': 0}, {'Id': 'DEAI9D', 'Name': '├奇哥舒眠寢具', 'Sort': 5, 'is24h': 1, 'isVip': 0, 'isPick': 0}, {'Id': 'DEAI14', 'Name': '├奇哥外出用品', 'Sort': 6, 'is24h': 1, 'isVip': 0, 'isPick': 0}, {'Id': 'DEAIV1', 'Name': '■Joie', 'Sort': 7, 'is24h': 1, 'isVip': 0, 'isPick': 0}, {'Id': 'DEAIV4', 'Name': '■瑞典 BabyBjorn', 'Sort': 8, 'is24h': 1, 'isVip': 0, 'isPick': 0}, {'Id': 'DEAICG', 'Name': '■愛爾蘭ClevaMama', 'Sort': 9, 'is24h': 1, 'isVip': 0, 'isPick': 0}, {'Id': 'DEAIP4', 'Name': '■費雪 Fisher-Price', 'Sort': 10, 'is24h': 1, 'isVip': 0, 'isPick': 0}]"
10,DEAI93C,德國NUK,11,"[{'Id': 'DEAIYL', 'Name': '&#9658;NUK嬰用品全系列', 'Sort': 1, 'is24h': 1, 'isVip': 0, 'isPick': 0}, {'Id': 'DEAIQQ', 'Name': 'NUK 奶瓶奶嘴配件', 'Sort': 2, 'is24h': 1, 'isVip': 0, 'isPick': 0}, {'Id': 'DEAIQR', 'Name': 'NUK 生活用品', 'Sort': 3, 'is24h': 1, 'isVip': 0, 'isPick': 0}, {'Id': 'DEAIQP', 'Name': 'NUK 安撫用品/配件', 'Sort': 4, 'is24h': 1, 'isVip': 0, 'isPick': 0}, {'Id': 'DEAIQS', 'Name': 'NUK 清潔保養', 'Sort': 5, 'is24h': 1, 'isVip': 0, 'isPick': 0}]"
11,DEAI01C,優生US baby,12,"[{'Id': 'DEAIVO', 'Name': '■優生 寶寶用品', 'Sort': 1, 'is24h': 1, 'isVip': 0, 'isPick': 0}, {'Id': 'DEAI8C', 'Name': '■喜多 寶寶用品', 'Sort': 2, 'is24h': 1, 'isVip': 0, 'isPick': 0}, {'Id': 'DEAI01', 'Name': '■培寶 寶寶用品', 'Sort': 3, 'is24h': 1, 'isVip': 0, 'isPick': 0}, {'Id': 'DEAI02', 'Name': '■濕紙巾全系列', 'Sort': 4, 'is24h': 1, 'isVip': 0, 'isPick': 0}]"
12,DEAI51C,荷蘭NUNA,13,"[{'Id': 'DEAINH', 'Name': '&#9658;荷蘭NUNA全系列', 'Sort': 1, 'is24h': 1, 'isVip': 0, 'isPick': 0}, {'Id': 'DEAI2T', 'Name': '├NUNA居家生活', 'Sort': 2, 'is24h': 1, 'isVip': 0, 'isPick': 0}, {'Id': 'DEAIS0', 'Name': '├NUNA外出用品', 'Sort': 3, 'is24h': 1, 'isVip': 0, 'isPick': 0}]"
13,DEAI61C,美國 Nuby,14,"[{'Id': 'DEAIVM', 'Name': '&#9658;美國Nuby全系列', 'Sort': 1, 'is24h': 1, 'isVip': 0, 'isPick': 0}, {'Id': 'DEAIHT', 'Name': '├Nuby哺育用品', 'Sort': 2, 'is24h': 1, 'isVip': 0, 'isPick': 0}, {'Id': 'DEAIHU', 'Name': '├Nuby生活用品', 'Sort': 3, 'is24h': 1, 'isVip': 0, 'isPick': 0}, {'Id': 'DEAIHV', 'Name': '├Nuby清潔洗劑', 'Sort': 4, 'is24h': 1, 'isVip': 0, 'isPick': 0}, {'Id': 'DEAIGX', 'Name': '├Nuby居家外出', 'Sort': 5, 'is24h': 1, 'isVip': 0, 'isPick': 0}]"
14,DEAI58C,KU.KU 酷咕鴨&raquo;,15,"[{'Id': 'DEAIVR', 'Name': '■KU.KU酷咕鴨全系列', 'Sort': 1, 'is24h': 1, 'isVip': 0, 'isPick': 0}, {'Id': 'DEAIH9', 'Name': '├KU.KU酷咕鴨 哺育用品', 'Sort': 2, 'is24h': 1, 'isVip': 0, 'isPick': 0}, {'Id': 'DEAIHC', 'Name': '├KU.KU酷咕鴨 清潔洗沐', 'Sort': 3, 'is24h': 1, 'isVip': 0, 'isPick': 0}, {'Id': 'DEAIHG', 'Name': '├KU.KU酷咕鴨 生活用品', 'Sort': 4, 'is24h': 1, 'isVip': 0, 'isPick': 0}, {'Id': 'DEAIHB', 'Name': '├KU.KU酷咕鴨 棉織物/寢具', 'Sort': 5, 'is24h': 1, 'isVip': 0, 'isPick': 0}]"
15,DEAI91C,PUKU藍色企鵝,16,"[{'Id': 'DEAIXM', 'Name': '&#9658;PUKU藍色企鵝全系列', 'Sort': 1, 'is24h': 1, 'isVip': 0, 'isPick': 0}, {'Id': 'DEAIB7', 'Name': '├ PUKU哺育/離乳', 'Sort': 2, 'is24h': 1, 'isVip': 0, 'isPick': 0}, {'Id': 'DEAINE', 'Name': '├ PUKU清潔/保養', 'Sort': 3, 'is24h': 1, 'isVip': 0, 'isPick': 0}, {'Id': 'DEAITL', 'Name': '├ PUKU紡品/睡寢', 'Sort': 4, 'is24h': 1, 'isVip': 0, 'isPick': 0}, {'Id': 'DEAIDM', 'Name': '├ PUKU外出用品', 'Sort': 5, 'is24h': 1, 'isVip': 0, 'isPick': 0}]"
16,DEAI85C,AVENT 新安怡,17,"[{'Id': 'DEAI3U', 'Name': '&#9658;AVENT新安怡全系列 ', 'Sort': 1, 'is24h': 1, 'isVip': 0, 'isPick': 0}, {'Id': 'DEAIUR', 'Name': ' ├AVENT電器/吸乳器', 'Sort': 2, 'is24h': 1, 'isVip': 0, 'isPick': 0}, {'Id': 'DEAIUM', 'Name': '├AVENT奶瓶/奶嘴', 'Sort': 3, 'is24h': 1, 'isVip': 0, 'isPick': 0}]"
17,DEAI79C,日本Hoppetta,18,"[{'Id': 'DEAIVE', 'Name': '&#9658;日本Hoppetta全系列', 'Sort': 1, 'is24h': 1, 'isVip': 0, 'isPick': 0}, {'Id': 'DEAIRH', 'Name': '├六層紗防踢被', 'Sort': 2, 'is24h': 1, 'isVip': 0, 'isPick': 0}, {'Id': 'DEAIUT', 'Name': '├六層紗蓋毯被', 'Sort': 3, 'is24h': 1, 'isVip': 0, 'isPick': 0}, {'Id': 'DEAIRI', 'Name': '├枕類/紗布巾/浴巾', 'Sort': 4, 'is24h': 1, 'isVip': 0, 'isPick': 0}, {'Id': 'DEAIRJ', 'Name': '├外出/餐具/玩偶  ', 'Sort': 5, 'is24h': 1, 'isVip': 0, 'isPick': 0}, {'Id': 'DEAIQO', 'Name': '├Hoppetta彌月禮', 'Sort': 6, 'is24h': 1, 'isVip': 0, 'isPick': 0}]"
18,DEAI92C,▌育嬰電器 ▌,19,"[{'Id': 'DECHCO00', 'Name': '■奶瓶電子消毒鍋', 'Sort': 1, 'is24h': 1, 'isVip': 0, 'isPick': 0}, {'Id': 'DECHCS00', 'Name': '■智能哺育電器', 'Sort': 2, 'is24h': 1, 'isVip': 0, 'isPick': 0}, {'Id': 'DECHCP00', 'Name': '■溫奶器 /食物加熱機', 'Sort': 3, 'is24h': 1, 'isVip': 0, 'isPick': 0}, {'Id': 'DECHCR00', 'Name': '■副食品調理棒/機', 'Sort': 4, 'is24h': 1, 'isVip': 0, 'isPick': 0}, {'Id': 'DECHAX00', 'Name': '■調乳器 /泡奶機', 'Sort': 5, 'is24h': 1, 'isVip': 0, 'isPick': 0}, {'Id': 'DECH4501', 'Name': '■電動/手動吸乳器 ', 'Sort': 6, 'is24h': 1, 'isVip': 0, 'isPick': 0}, {'Id': 'DECH6Q01', 'Name': '■尿布處理器 ', 'Sort': 7, 'is24h': 1, 'isVip': 0, 'isPick': 0}, {'Id': 'DECHAZ00', 'Name': '■空氣清淨設備', 'Sort': 8, 'is24h': 1, 'isVip': 0, 'isPick': 0}]"
19,DEAI08C,▌奶瓶 奶嘴 ▌ ,20,"[{'Id': 'DECHCQ00', 'Name': '■奶瓶全系列', 'Sort': 1, 'is24h': 1, 'isVip': 0, 'isPick': 0}, {'Id': 'DEAIV202', 'Name': '■貝親 奶瓶奶嘴', 'Sort': 2, 'is24h': 1, 'isVip': 0, 'isPick': 0}, {'Id': 'DEAI8401', 'Name': '■小獅王 奶瓶奶嘴', 'Sort': 3, 'is24h': 1, 'isVip': 0, 'isPick': 0}, {'Id': 'DEAI8M03', 'Name': '■nac nac 奶瓶奶嘴', 'Sort': 4, 'is24h': 1, 'isVip': 0, 'isPick': 0}, {'Id': 'DEAIQQ01', 'Name': '■德國NUK 奶瓶奶嘴', 'Sort': 5, 'is24h': 1, 'isVip': 0, 'isPick': 0}, {'Id': 'DEAIH902', 'Name': '■KUKU酷咕鴨 奶瓶奶嘴', 'Sort': 6, 'is24h': 1, 'isVip': 0, 'isPick': 0}, {'Id': 'DEAIX8', 'Name': '■COMOTOMO矽膠奶瓶', 'Sort': 7, 'is24h': 1, 'isVip': 0, 'isPick': 0}, {'Id': 'DEAIY1', 'Name': '■PHILIPS 香草奶嘴', 'Sort': 8, 'is24h': 1, 'isVip': 0, 'isPick': 0}, {'Id': 'DEAIXU', 'Name': '■丹麥BIBS奶嘴', 'Sort': 9, 'is24h': 1, 'isVip': 0, 'isPick': 0}, {'Id': 'DEAII0', 'Name': '■nanob&#233;b&#233; 哺育用品', 'Sort': 10, 'is24h': 1, 'isVip': 0, 'isPick': 0}]"
20,DEAI87C, ▌安撫用品 ▌,21,"[{'Id': 'DECH6100', 'Name': '■固齒器(成長牙咬器)', 'Sort': 1, 'is24h': 1, 'isVip': 0, 'isPick': 0}, {'Id': 'DEAIQ6', 'Name': '├加拿大 Lollipop固齒器', 'Sort': 2, 'is24h': 1, 'isVip': 0, 'isPick': 0}, {'Id': 'DEAISF', 'Name': '├紐西蘭M2M 咬咬兜', 'Sort': 3, 'is24h': 1, 'isVip': 0, 'isPick': 0}, {'Id': 'DEAI3R', 'Name': '■安撫巾', 'Sort': 4, 'is24h': 1, 'isVip': 0, 'isPick': 0}, {'Id': 'DEAIP9', 'Name': ' ├美國 Angel Dear安撫巾', 'Sort': 5, 'is24h': 1, 'isVip': 0, 'isPick': 0}, {'Id': 'DEAIS5', 'Name': '■舒眠‧安撫玩具 ', 'Sort': 6, 'is24h': 1, 'isVip': 0, 'isPick': 0}, {'Id': 'DEAIXJ', 'Name': '├德國STEIFF', 'Sort': 7, 'is24h': 1, 'isVip': 0, 'isPick': 0}, {'Id': 'DEAIDO', 'Name': ' ├美國SOZZY', 'Sort': 8, 'is24h': 1, 'isVip': 0, 'isPick': 0}, {'Id': 'DEAIPJ', 'Name': '├美國miYim 娃娃', 'Sort': 9, 'is24h': 1, 'isVip': 0, 'isPick': 0}, {'Id': 'DEAINP', 'Name': '├Mary Meyer美國蜜兒', 'Sort': 10, 'is24h': 1, 'isVip': 0, 'isPick': 0}, {'Id': 'DEAIXO', 'Name': '■安撫音樂鈴', 'Sort': 11, 'is24h': 1, 'isVip': 0, 'isPick': 0}, {'Id': 'DEAIKI', 'Name': '■安撫手搖鈴', 'Sort': 12, 'is24h': 1, 'isVip': 0, 'isPick': 0}, {'Id': 'DEAITK', 'Name': '├美國Apple Park', 'Sort': 13, 'is24h': 1, 'isVip': 0, 'isPick': 0}, {'Id': 'DEAIV7', 'Name': '├Mombella & Apramo', 'Sort': 14, 'is24h': 1, 'isVip': 0, 'isPick': 0}]"
21,DEAI86C,▌嬰幼紡織品▌,22,"[{'Id': 'DEAILD', 'Name': '■包巾全系列', 'Sort': 1, 'is24h': 1, 'isVip': 0, 'isPick': 0}, {'Id': 'DEAI89', 'Name': ' ├美國aden+anais', 'Sort': 2, 'is24h': 1, 'isVip': 0, 'isPick': 0}, {'Id': 'DEAI4Z', 'Name': '├美國Summer Infant', 'Sort': 3, 'is24h': 1, 'isVip': 0, 'isPick': 0}, {'Id': 'DEAIT6', 'Name': '├澳洲ergoPouch', 'Sort': 4, 'is24h': 1, 'isVip': 0, 'isPick': 0}, {'Id': 'DEAICQ', 'Name': '├荷蘭Muslin tree', 'Sort': 5, 'is24h': 1, 'isVip': 0, 'isPick': 0}, {'Id': 'DEAIN7', 'Name': '├Hugsie嬰兒包巾/孕婦枕', 'Sort': 6, 'is24h': 1, 'isVip': 0, 'isPick': 0}, {'Id': 'DEAIJU', 'Name': '■防踢被/ 睡袍', 'Sort': 7, 'is24h': 1, 'isVip': 0, 'isPick': 0}, {'Id': 'DEAIVE00', 'Name': '├日本Hoppetta', 'Sort': 8, 'is24h': 1, 'isVip': 0, 'isPick': 0}, {'Id': 'DEAI7V', 'Name': '├BabyBites鯊魚咬一口', 'Sort': 9, 'is24h': 1, 'isVip': 0, 'isPick': 0}, {'Id': 'DEAIGU', 'Name': '├日本MARURU', 'Sort': 10, 'is24h': 1, 'isVip': 0, 'isPick': 0}, {'Id': 'DEAIPX', 'Name': ' ├澳洲Love To Dream', 'Sort': 11, 'is24h': 1, 'isVip': 0, 'isPick': 0}, {'Id': 'DEAICZ', 'Name': ' ■睡窩 / 床中床', 'Sort': 12, 'is24h': 1, 'isVip': 0, 'isPick': 0}, {'Id': 'DEAI80', 'Name': '├波蘭 Maylily', 'Sort': 13, 'is24h': 1, 'isVip': 0, 'isPick': 0}, {'Id': 'DECHCA00', 'Name': '■嬰兒枕 /兒童枕', 'Sort': 14, 'is24h': 1, 'isVip': 0, 'isPick': 0}, {'Id': 'DEAI46', 'Name': '■蓋毯/毛巾被', 'Sort': 15, 'is24h': 1, 'isVip': 0, 'isPick': 0}, {'Id': 'DEAIMP', 'Name': '├美國Little Giraffe', 'Sort': 16, 'is24h': 1, 'isVip': 0, 'isPick': 0}, {'Id': 'DEAIYM', 'Name': '■口水/紗布巾', 'Sort': 17, 'is24h': 1, 'isVip': 0, 'isPick': 0}, {'Id': 'DEAIYS', 'Name': '■拍嗝巾。保暖肚圍', 'Sort': 18, 'is24h': 1, 'isVip': 0, 'isPick': 0}, {'Id': 'DEAIZI', 'Name': '■兒童圍裙', 'Sort': 19, 'is24h': 1, 'isVip': 0, 'isPick': 0}, {'Id': 'DEAIIE', 'Name': '■畫畫衣', 'Sort': 20, 'is24h': 1, 'isVip': 0, 'isPick': 0}, {'Id': 'DEAIIR', 'Name': '■防水隔尿墊/ 保潔墊', 'Sort': 21, 'is24h': 1, 'isVip': 0, 'isPick': 0}, {'Id': 'DEAI3P', 'Name': '■環保尿布/ 學習褲', 'Sort': 22, 'is24h': 1, 'isVip': 0, 'isPick': 0}, {'Id': 'DEAIW9', 'Name': '├ J-bedtime 保潔墊', 'Sort': 23, 'is24h': 1, 'isVip': 0, 'isPick': 0}, {'Id': 'DEAI4W', 'Name': '├COTEX 可透舒', 'Sort': 24, 'is24h': 1, 'isVip': 0, 'isPick': 0}, {'Id': 'DEAIYQ', 'Name': ' ■英國Natures Purest', 'Sort': 25, 'is24h': 1, 'isVip': 0, 'isPick': 0}, {'Id': 'DEAIPY', 'Name': ' ■印度Cuz織毯/口水巾', 'Sort': 26, 'is24h': 1, 'isVip': 0, 'isPick': 0}, {'Id': 'DEAIJ4', 'Name': '■嬰幼童內著/居家服', 'Sort': 27, 'is24h': 1, 'isVip': 0, 'isPick': 0}]"
22,DEAI75C,▌清潔。保養 ▌ ,23,"[{'Id': 'DEAIYB', 'Name': '■嬰兒潤膚油／凡士林', 'Sort': 1, 'is24h': 1, 'isVip': 0, 'isPick': 0}, {'Id': 'DEAI2N', 'Name': '■嬰兒保養乳液／乳霜', 'Sort': 2, 'is24h': 1, 'isVip': 0, 'isPick': 0}, {'Id': 'DEAIWE', 'Name': '■嬰兒護膚。護唇。屁屁膏', 'Sort': 3, 'is24h': 1, 'isVip': 0, 'isPick': 0}, {'Id': 'DEAIBL', 'Name': '■嬰兒專用防曬乳霜', 'Sort': 4, 'is24h': 1, 'isVip': 0, 'isPick': 0}, {'Id': 'DEAIWH', 'Name': '■敏感皮膚護理保養品', 'Sort': 5, 'is24h': 1, 'isVip': 0, 'isPick': 0}, {'Id': 'DEAIWI', 'Name': '■入浴球', 'Sort': 6, 'is24h': 1, 'isVip': 0, 'isPick': 0}, {'Id': 'DEAIWK', 'Name': '├艾特優ATTITUDE', 'Sort': 7, 'is24h': 1, 'isVip': 0, 'isPick': 0}, {'Id': 'DEAIQH', 'Name': '├貝恩 Baan 嬰幼童', 'Sort': 8, 'is24h': 1, 'isVip': 0, 'isPick': 0}, {'Id': 'DEAIMQ', 'Name': '├Fees法緻嬰幼童', 'Sort': 9, 'is24h': 1, 'isVip': 0, 'isPick': 0}, {'Id': 'DEAIUX', 'Name': '├Fees法緻女性保養', 'Sort': 10, 'is24h': 1, 'isVip': 0, 'isPick': 0}, {'Id': 'DEAISI', 'Name': '├德國珊諾 sanosan  ', 'Sort': 11, 'is24h': 1, 'isVip': 0, 'isPick': 0}, {'Id': 'DEAIDP', 'Name': '├小小西伯利亞', 'Sort': 12, 'is24h': 1, 'isVip': 0, 'isPick': 0}, {'Id': 'DEAIW4', 'Name': '├寶貝可可麗Babycoccole', 'Sort': 13, 'is24h': 1, 'isVip': 0, 'isPick': 0}, {'Id': 'DEAIWS', 'Name': '├韓國Putto布托', 'Sort': 14, 'is24h': 1, 'isVip': 0, 'isPick': 0}, {'Id': 'DEAIIU', 'Name': '├西班牙BABE貝貝', 'Sort': 15, 'is24h': 1, 'isVip': 0, 'isPick': 0}, {'Id': 'DEAITE', 'Name': '├Grahams 珂然', 'Sort': 16, 'is24h': 1, 'isVip': 0, 'isPick': 0}, {'Id': 'DEAIRM', 'Name': '├義大利自然之綠', 'Sort': 17, 'is24h': 1, 'isVip': 0, 'isPick': 0}, {'Id': 'DEAINS', 'Name': '■兒童彩妝/指甲油', 'Sort': 18, 'is24h': 1, 'isVip': 0, 'isPick': 0}]"
23,DEAI36C,▌餐具。餐盤 ▌,24,"[{'Id': 'DECH5A00', 'Name': '■兒童餐碗/ 餐盤', 'Sort': 1, 'is24h': 1, 'isVip': 0, 'isPick': 0}, {'Id': 'DECHB402', 'Name': '■湯匙/叉子/叉匙組', 'Sort': 2, 'is24h': 1, 'isVip': 0, 'isPick': 0}, {'Id': 'DECHB500', 'Name': '■學習筷/兒童筷', 'Sort': 3, 'is24h': 1, 'isVip': 0, 'isPick': 0}, {'Id': 'DEAIUF', 'Name': '├美國OXO tot餐具', 'Sort': 4, 'is24h': 1, 'isVip': 0, 'isPick': 0}, {'Id': 'DEAIMX', 'Name': '├美國Thinkbaby 餐具', 'Sort': 5, 'is24h': 1, 'isVip': 0, 'isPick': 0}, {'Id': 'DEAIRA', 'Name': '├美國Kangovou 餐具', 'Sort': 6, 'is24h': 1, 'isVip': 0, 'isPick': 0}, {'Id': 'DEAIUB', 'Name': '  ├美國munchkin餐具', 'Sort': 7, 'is24h': 1, 'isVip': 0, 'isPick': 0}, {'Id': 'DEAITC', 'Name': '├美國Miniware 餐具', 'Sort': 8, 'is24h': 1, 'isVip': 0, 'isPick': 0}, {'Id': 'DEAIZQ', 'Name': '├加拿大MARCUS 矽膠', 'Sort': 9, 'is24h': 1, 'isVip': 0, 'isPick': 0}, {'Id': 'DEAIW8', 'Name': '├美國Bella Tunno矽膠', 'Sort': 10, 'is24h': 1, 'isVip': 0, 'isPick': 0}, {'Id': 'DEAINV', 'Name': ' ├美國Bumkins 矽膠餐具', 'Sort': 11, 'is24h': 1, 'isVip': 0, 'isPick': 0}, {'Id': 'DEAIRU', 'Name': '├美國Innobaby餐具', 'Sort': 12, 'is24h': 1, 'isVip': 0, 'isPick': 0}, {'Id': 'DEAIKY', 'Name': '├美國Sugarbooger', 'Sort': 13, 'is24h': 1, 'isVip': 0, 'isPick': 0}, {'Id': 'DEAIUP', 'Name': ' ├美國ECOlunchbox餐具', 'Sort': 14, 'is24h': 1, 'isVip': 0, 'isPick': 0}, {'Id': 'DEAISK', 'Name': '├日本Edison餐具', 'Sort': 15, 'is24h': 1, 'isVip': 0, 'isPick': 0}, {'Id': 'DEAIY0', 'Name': '├麵包超人親子用品', 'Sort': 16, 'is24h': 1, 'isVip': 0, 'isPick': 0}, {'Id': 'DEAIN9', 'Name': '├FARANDOLE法紅荳', 'Sort': 17, 'is24h': 1, 'isVip': 0, 'isPick': 0}, {'Id': 'DEAIG8', 'Name': '├韓國 Dailylike矽膠餐具', 'Sort': 18, 'is24h': 1, 'isVip': 0, 'isPick': 0}, {'Id': 'DEAIX5', 'Name': ' ├韓國BeBeLock', 'Sort': 19, 'is24h': 1, 'isVip': 0, 'isPick': 0}, {'Id': 'DEAIBJ', 'Name': '├澳洲 b.box', 'Sort': 20, 'is24h': 1, 'isVip': 0, 'isPick': 0}, {'Id': 'DEAIZA', 'Name': '├澳洲We Might be Tiny', 'Sort': 21, 'is24h': 1, 'isVip': 0, 'isPick': 0}, {'Id': 'DEAI51', 'Name': ' ├英國Brother Max', 'Sort': 22, 'is24h': 1, 'isVip': 0, 'isPick': 0}, {'Id': 'DEAIFY', 'Name': '├英國kidsme咬咬樂', 'Sort': 23, 'is24h': 1, 'isVip': 0, 'isPick': 0}, {'Id': 'DEAIQA', 'Name': '├法國BANDJO', 'Sort': 24, 'is24h': 1, 'isVip': 0, 'isPick': 0}, {'Id': 'DEAIM8', 'Name': '├丹麥Fabrikators餐具', 'Sort': 25, 'is24h': 1, 'isVip': 0, 'isPick': 0}, {'Id': 'DEAISJ', 'Name': '├土耳其minikoioi 矽膠', 'Sort': 26, 'is24h': 1, 'isVip': 0, 'isPick': 0}, {'Id': 'DEAISP', 'Name': '├丹麥Bloomingville餐具 ', 'Sort': 27, 'is24h': 1, 'isVip': 0, 'isPick': 0}, {'Id': 'DEAI3S', 'Name': ' ├加拿大帕緹塔矽膠餐具', 'Sort': 28, 'is24h': 1, 'isVip': 0, 'isPick': 0}, {'Id': 'DEAIJG', 'Name': '  ├coeco竹纖維餐具', 'Sort': 29, 'is24h': 1, 'isVip': 0, 'isPick': 0}]"
24,DEAI94C, ▌杯壺。配件 ▌,25,"[{'Id': 'DECH4W00', 'Name': '■練習水杯/學習杯', 'Sort': 1, 'is24h': 1, 'isVip': 0, 'isPick': 0}, {'Id': 'DECH5M00', 'Name': '■兒童水壺', 'Sort': 2, 'is24h': 1, 'isVip': 0, 'isPick': 0}, {'Id': 'DEAILV', 'Name': '■便當 / 野餐 /保冷袋', 'Sort': 3, 'is24h': 1, 'isVip': 0, 'isPick': 0}, {'Id': 'DEAI1K', 'Name': '■保溫(冷)瓶/食物罐', 'Sort': 4, 'is24h': 1, 'isVip': 0, 'isPick': 0}, {'Id': 'DEAIIM', 'Name': '■兒童水壺/水杯', 'Sort': 5, 'is24h': 1, 'isVip': 0, 'isPick': 0}, {'Id': 'DEAICT', 'Name': '├美國Nalgene水壼&#160;', 'Sort': 6, 'is24h': 1, 'isVip': 0, 'isPick': 0}, {'Id': 'DEAISH', 'Name': '└日本Skater 水壼', 'Sort': 7, 'is24h': 1, 'isVip': 0, 'isPick': 0}, {'Id': 'DEAIZB', 'Name': '■水杯配件/吸管', 'Sort': 8, 'is24h': 1, 'isVip': 0, 'isPick': 0}, {'Id': 'DEAIZS', 'Name': '├日本Richell利其爾水杯', 'Sort': 9, 'is24h': 1, 'isVip': 0, 'isPick': 0}, {'Id': 'DEAIHU02', 'Name': ' ├美國 Nuby', 'Sort': 10, 'is24h': 1, 'isVip': 0, 'isPick': 0}, {'Id': 'DEAIZH', 'Name': '├韓國PURENINE保溫杯', 'Sort': 11, 'is24h': 1, 'isVip': 0, 'isPick': 0}, {'Id': 'DEAIAR', 'Name': '├美國i.d.gear兒童水壺', 'Sort': 12, 'is24h': 1, 'isVip': 0, 'isPick': 0}]"
25,DEAI03C,▌遊戲地墊 ▌,26,"[{'Id': 'DECHBM00', 'Name': '■安全遊戲墊全系列', 'Sort': 1, 'is24h': 1, 'isVip': 0, 'isPick': 0}, {'Id': 'DEAIR5', 'Name': '├韓國帕龍遊戲地墊', 'Sort': 2, 'is24h': 1, 'isVip': 0, 'isPick': 0}, {'Id': 'DEAIZW', 'Name': '├韓國FOLDAWAY地墊', 'Sort': 3, 'is24h': 1, 'isVip': 0, 'isPick': 0}, {'Id': 'DEAIL9', 'Name': ' ├虎兒寶遊戲生活館', 'Sort': 4, 'is24h': 1, 'isVip': 0, 'isPick': 0}, {'Id': 'DEAIYX', 'Name': '├Mang Mang小鹿蔓蔓', 'Sort': 5, 'is24h': 1, 'isVip': 0, 'isPick': 0}, {'Id': 'DEAINX', 'Name': '  ├韓國 design skin', 'Sort': 6, 'is24h': 1, 'isVip': 0, 'isPick': 0}, {'Id': 'DEAIPZ', 'Name': '├Pato Pato 巧拼地墊', 'Sort': 7, 'is24h': 1, 'isVip': 0, 'isPick': 0}, {'Id': 'DEAITW', 'Name': ' ├LOG樂格遊戲墊/圍欄', 'Sort': 8, 'is24h': 1, 'isVip': 0, 'isPick': 0}, {'Id': 'DEAITG', 'Name': '├EVA地墊/爬行墊', 'Sort': 9, 'is24h': 1, 'isVip': 0, 'isPick': 0}, {'Id': 'DEAI5H', 'Name': '├SUNTA無毒遊戲墊', 'Sort': 10, 'is24h': 1, 'isVip': 0, 'isPick': 0}, {'Id': 'DEAIWB', 'Name': '├Doricare朵樂比 地墊', 'Sort': 11, 'is24h': 1, 'isVip': 0, 'isPick': 0}]"
26,DEAI88C,▌安全防護用品▌,27,"[{'Id': 'DECHBQ00', 'Name': '■遊戲圍欄', 'Sort': 1, 'is24h': 1, 'isVip': 0, 'isPick': 0}, {'Id': 'DECHBR00', 'Name': '■床邊護欄', 'Sort': 2, 'is24h': 1, 'isVip': 0, 'isPick': 0}, {'Id': 'DECHBS00', 'Name': '■安全門欄 / 柵欄', 'Sort': 3, 'is24h': 1, 'isVip': 0, 'isPick': 0}, {'Id': 'DECHBX00', 'Name': '■桌椅防撞安全護條', 'Sort': 4, 'is24h': 1, 'isVip': 0, 'isPick': 0}, {'Id': 'DEAIVX', 'Name': '├SecuFirst嬰兒監視器', 'Sort': 5, 'is24h': 1, 'isVip': 0, 'isPick': 0}, {'Id': 'DEAITA', 'Name': '├UdiLife兒童防護用品', 'Sort': 6, 'is24h': 1, 'isVip': 0, 'isPick': 0}, {'Id': 'DEAIS4', 'Name': '├D-Link網路監視器', 'Sort': 7, 'is24h': 1, 'isVip': 0, 'isPick': 0}]"
27,DEAI12C, ▌彌月禮盒 ▌,28,"[{'Id': 'DEAI2I', 'Name': '├$1000↓', 'Sort': 1, 'is24h': 1, 'isVip': 0, 'isPick': 0}, {'Id': 'DEAIBV', 'Name': '├$1000~$1499', 'Sort': 2, 'is24h': 1, 'isVip': 0, 'isPick': 0}, {'Id': 'DEAIZF', 'Name': '├$1500~$2999', 'Sort': 3, 'is24h': 1, 'isVip': 0, 'isPick': 0}, {'Id': 'DEAICR', 'Name': '├$3000↑', 'Sort': 4, 'is24h': 1, 'isVip': 0, 'isPick': 0}, {'Id': 'DEAI2J', 'Name': '【禮】洗沐潤膚禮盒', 'Sort': 5, 'is24h': 1, 'isVip': 0, 'isPick': 0}, {'Id': 'DEAI2K', 'Name': '【禮】母嬰用品禮盒', 'Sort': 6, 'is24h': 1, 'isVip': 0, 'isPick': 0}, {'Id': 'DEAIG6', 'Name': '【禮】棉織衣物禮盒', 'Sort': 7, 'is24h': 1, 'isVip': 0, 'isPick': 0}]"
28,DEAI83C,▌孕產婦用品 ▌,29,"[{'Id': 'DECH4502', 'Name': '■ 吸乳器全系列', 'Sort': 1, 'is24h': 1, 'isVip': 0, 'isPick': 0}, {'Id': 'DEAIVA', 'Name': '├美樂吸乳器/相關配件', 'Sort': 2, 'is24h': 1, 'isVip': 0, 'isPick': 0}, {'Id': 'DEAIO2', 'Name': '■哺乳巾', 'Sort': 3, 'is24h': 1, 'isVip': 0, 'isPick': 0}, {'Id': 'DEAIYV', 'Name': '├美國Bebe Au lait哺乳巾', 'Sort': 4, 'is24h': 1, 'isVip': 0, 'isPick': 0}, {'Id': 'DECH4B00', 'Name': '■側睡枕 / 授乳枕', 'Sort': 5, 'is24h': 1, 'isVip': 0, 'isPick': 0}, {'Id': 'DEAI49', 'Name': '■媽媽保養/洗護', 'Sort': 6, 'is24h': 1, 'isVip': 0, 'isPick': 0}, {'Id': 'DEAIUC', 'Name': ' ├媽咪莉娜', 'Sort': 7, 'is24h': 1, 'isVip': 0, 'isPick': 0}, {'Id': 'DECH4900', 'Name': ' ■ 母乳保存袋', 'Sort': 8, 'is24h': 1, 'isVip': 0, 'isPick': 0}, {'Id': 'DECH4C00', 'Name': ' ■ 防溢乳墊/清潔綿  ', 'Sort': 9, 'is24h': 1, 'isVip': 0, 'isPick': 0}, {'Id': 'DEAIU3', 'Name': '■免洗內褲', 'Sort': 10, 'is24h': 1, 'isVip': 0, 'isPick': 0}, {'Id': 'DEAIU8', 'Name': '■產褥墊 / 看護墊', 'Sort': 11, 'is24h': 1, 'isVip': 0, 'isPick': 0}, {'Id': 'DEAIZU', 'Name': '■孕期/產後營養品  ', 'Sort': 12, 'is24h': 1, 'isVip': 0, 'isPick': 0}, {'Id': 'DEAI29', 'Name': ' ■孕婦用彩妝品', 'Sort': 13, 'is24h': 1, 'isVip': 0, 'isPick': 0}, {'Id': 'DEBF8X00', 'Name': '&#9658;六甲村孕產品', 'Sort': 14, 'is24h': 1, 'isVip': 0, 'isPick': 0}, {'Id': 'DEBFCC00', 'Name': '  &#9658;Hugsie孕婦枕', 'Sort': 15, 'is24h': 1, 'isVip': 0, 'isPick': 0}, {'Id': 'DEBFE200', 'Name': '&#9658;mamaway媽媽餵孕產品', 'Sort': 16, 'is24h': 1, 'isVip': 0, 'isPick': 0}, {'Id': 'DEBF4Q01', 'Name': '&#9658;Gennies奇妮孕產品', 'Sort': 17, 'is24h': 1, 'isVip': 0, 'isPick': 0}, {'Id': 'DEBFEI00', 'Name': '&#9658;日本犬印孕產品', 'Sort': 18, 'is24h': 1, 'isVip': 0, 'isPick': 0}, {'Id': 'DEAI04', 'Name': '&#9658;日本大崎Osaki', 'Sort': 19, 'is24h': 1, 'isVip': 0, 'isPick': 0}]"
29,DEAI39C,▌傢俱。寢具 ▌,30,"[{'Id': 'DEAIC5', 'Name': '■兒童餐椅', 'Sort': 1, 'is24h': 1, 'isVip': 0, 'isPick': 0}, {'Id': 'DEAIZX', 'Name': '├Bumbo幫寶椅', 'Sort': 2, 'is24h': 1, 'isVip': 0, 'isPick': 0}, {'Id': 'DEAIZ4', 'Name': ' ├丹麥nomi調節餐椅', 'Sort': 3, 'is24h': 1, 'isVip': 0, 'isPick': 0}, {'Id': 'DEAIW2', 'Name': '■兒童學習桌椅組', 'Sort': 4, 'is24h': 1, 'isVip': 0, 'isPick': 0}, {'Id': 'DEAIIO', 'Name': '■安撫搖椅/安撫床', 'Sort': 5, 'is24h': 1, 'isVip': 0, 'isPick': 0}, {'Id': 'DEAIZ6', 'Name': '■嬰兒床墊', 'Sort': 6, 'is24h': 1, 'isVip': 0, 'isPick': 0}, {'Id': 'DEAI91', 'Name': ' ├MAKURA嬰幼兒寢飾', 'Sort': 7, 'is24h': 1, 'isVip': 0, 'isPick': 0}, {'Id': 'DECHC500', 'Name': '■嬰兒床/床邊床', 'Sort': 8, 'is24h': 1, 'isVip': 0, 'isPick': 0}, {'Id': 'DEAIUK', 'Name': '├ TENDAYS 嬰童系列', 'Sort': 9, 'is24h': 1, 'isVip': 0, 'isPick': 0}, {'Id': 'DECHCB00', 'Name': '■兒童睡袋', 'Sort': 10, 'is24h': 1, 'isVip': 0, 'isPick': 0}]"
30,DEAI27C, ▌寶寶。教具 ▌,31,"[{'Id': 'DECHCN00', 'Name': '■學習成長玩具', 'Sort': 1, 'is24h': 1, 'isVip': 0, 'isPick': 0}, {'Id': 'DEAIYZ', 'Name': '■學步車', 'Sort': 2, 'is24h': 1, 'isVip': 0, 'isPick': 0}, {'Id': 'DEAIZ9', 'Name': '■學習拼圖', 'Sort': 3, 'is24h': 1, 'isVip': 0, 'isPick': 0}, {'Id': 'DEAIQ7', 'Name': '■學習積木', 'Sort': 4, 'is24h': 1, 'isVip': 0, 'isPick': 0}, {'Id': 'DEAIRP', 'Name': '■塗鴉/彩繪玩具', 'Sort': 5, 'is24h': 1, 'isVip': 0, 'isPick': 0}, {'Id': 'DEAIWD', 'Name': '■幼教學習', 'Sort': 6, 'is24h': 1, 'isVip': 0, 'isPick': 0}, {'Id': 'DEAIR7', 'Name': '├日本People知育成長', 'Sort': 7, 'is24h': 1, 'isVip': 0, 'isPick': 0}, {'Id': 'DEAIHS', 'Name': '├美國 B.TOYS', 'Sort': 8, 'is24h': 1, 'isVip': 0, 'isPick': 0}, {'Id': 'DEAI5K', 'Name': '├美國跳跳蛙LeapFrog', 'Sort': 9, 'is24h': 1, 'isVip': 0, 'isPick': 0}, {'Id': 'DEAIYU', 'Name': '├Playful Toys頑玩具', 'Sort': 10, 'is24h': 1, 'isVip': 0, 'isPick': 0}]"
31,DEAI97C,台灣品牌,32,"[{'Id': 'DEAIJV', 'Name': '■台灣2angels矽膠餐具', 'Sort': 1, 'is24h': 1, 'isVip': 0, 'isPick': 0}, {'Id': 'DEAIVH', 'Name': '■台灣Roaze柔仕紗布巾', 'Sort': 2, 'is24h': 1, 'isVip': 0, 'isPick': 0}, {'Id': 'DEAIWP', 'Name': ' ■台灣黃色小鴨全系列', 'Sort': 3, 'is24h': 1, 'isVip': 0, 'isPick': 0}, {'Id': 'DEAIXT', 'Name': ' ■台灣Echain tech防蚊', 'Sort': 4, 'is24h': 1, 'isVip': 0, 'isPick': 0}, {'Id': 'DEAIZ7', 'Name': '■台灣Bendi 嬰兒床', 'Sort': 5, 'is24h': 1, 'isVip': 0, 'isPick': 0}, {'Id': 'DEAIX9', 'Name': '■台灣New Star棉織品', 'Sort': 6, 'is24h': 1, 'isVip': 0, 'isPick': 0}, {'Id': 'DEAIUL', 'Name': '■台灣Delsun軟積木', 'Sort': 7, 'is24h': 1, 'isVip': 0, 'isPick': 0}, {'Id': 'DEAIVK', 'Name': ' ■台灣貝喜力克嬰童品', 'Sort': 8, 'is24h': 1, 'isVip': 0, 'isPick': 0}, {'Id': 'DEAIZE', 'Name': ' ■台灣 Kikimmy', 'Sort': 9, 'is24h': 1, 'isVip': 0, 'isPick': 0}]"
32,DEAI59C,日本品牌,33,"[{'Id': 'DEAIVE02', 'Name': '■日本Hoppetta 六層紗', 'Sort': 1, 'is24h': 1, 'isVip': 0, 'isPick': 0}, {'Id': 'DEAIVN', 'Name': '■日本Richell全系列', 'Sort': 2, 'is24h': 1, 'isVip': 0, 'isPick': 0}, {'Id': 'DEAIF5', 'Name': '■日本BabySmile', 'Sort': 3, 'is24h': 1, 'isVip': 0, 'isPick': 0}, {'Id': 'DEAIC3', 'Name': '■日本西松屋', 'Sort': 4, 'is24h': 1, 'isVip': 0, 'isPick': 0}, {'Id': 'DEAIF6', 'Name': '■日本Pigeon 貝親', 'Sort': 5, 'is24h': 1, 'isVip': 0, 'isPick': 0}, {'Id': 'DEAIZ1', 'Name': '■日本TOMA TOMA', 'Sort': 6, 'is24h': 1, 'isVip': 0, 'isPick': 0}, {'Id': 'DEAIYA', 'Name': '■日本HoppL 翻轉椅', 'Sort': 7, 'is24h': 1, 'isVip': 0, 'isPick': 0}, {'Id': 'DEAIWC', 'Name': '■日本Skater 兒童用品', 'Sort': 8, 'is24h': 1, 'isVip': 0, 'isPick': 0}]"
33,DEAI99C,韓國品牌,34,"[{'Id': 'DEAINX00', 'Name': '■韓國 design skin', 'Sort': 1, 'is24h': 1, 'isVip': 0, 'isPick': 0}, {'Id': 'DEAIR501', 'Name': '■韓國帕龍Parklon地墊', 'Sort': 2, 'is24h': 1, 'isVip': 0, 'isPick': 0}, {'Id': 'DEAI0T', 'Name': ' ■韓國Cimilre馨乃樂', 'Sort': 3, 'is24h': 1, 'isVip': 0, 'isPick': 0}, {'Id': 'DEAI08', 'Name': '■韓國sillymann 鉑金矽膠', 'Sort': 4, 'is24h': 1, 'isVip': 0, 'isPick': 0}, {'Id': 'DEAIT4', 'Name': ' ■韓國monee餐具', 'Sort': 5, 'is24h': 1, 'isVip': 0, 'isPick': 0}, {'Id': 'DEAIZG', 'Name': '■韓國MOYUUM ', 'Sort': 6, 'is24h': 1, 'isVip': 0, 'isPick': 0}, {'Id': 'DEAIW5', 'Name': '■韓國MOTHER-K', 'Sort': 7, 'is24h': 1, 'isVip': 0, 'isPick': 0}]"
34,DEAI98C,美加品牌,35,"[{'Id': 'DEAIXD', 'Name': '■美國 L.A. Baby&#160;', 'Sort': 1, 'is24h': 1, 'isVip': 0, 'isPick': 0}, {'Id': 'DEAIS6', 'Name': ' ■美國 nookums 奶嘴', 'Sort': 2, 'is24h': 1, 'isVip': 0, 'isPick': 0}, {'Id': 'DEAIVD', 'Name': '■美國green sprouts', 'Sort': 3, 'is24h': 1, 'isVip': 0, 'isPick': 0}, {'Id': 'DEAIY2', 'Name': '■美國Creative Baby', 'Sort': 4, 'is24h': 1, 'isVip': 0, 'isPick': 0}, {'Id': 'DEAIQB', 'Name': ' ■加拿大Bonne Nuit', 'Sort': 5, 'is24h': 1, 'isVip': 0, 'isPick': 0}, {'Id': 'DEAIX7', 'Name': '■加拿大 3 sprouts', 'Sort': 6, 'is24h': 1, 'isVip': 0, 'isPick': 0}, {'Id': 'DEAILC', 'Name': '■加拿大 bbluv', 'Sort': 7, 'is24h': 1, 'isVip': 0, 'isPick': 0}, {'Id': 'DEAIRX', 'Name': '■加拿大艾特優', 'Sort': 8, 'is24h': 1, 'isVip': 0, 'isPick': 0}]"
35,DEAI96C,紐澳品牌,36,"[{'Id': 'DEAI1501', 'Name': '■澳洲Playgro 培高玩具', 'Sort': 1, 'is24h': 1, 'isVip': 0, 'isPick': 0}, {'Id': 'DEAIT600', 'Name': '■澳洲ergoPouch包巾', 'Sort': 2, 'is24h': 1, 'isVip': 0, 'isPick': 0}, {'Id': 'DEAIZT', 'Name': '■紐西蘭Haakaa', 'Sort': 3, 'is24h': 1, 'isVip': 0, 'isPick': 0}]"
36,DEAI52C,婦幼用品品牌,37,"[{'Id': 'DEAIL2', 'Name': '■英國Mamas&Papas', 'Sort': 1, 'is24h': 1, 'isVip': 0, 'isPick': 0}, {'Id': 'DEAIKV', 'Name': '■聰明媽咪 i-Smart', 'Sort': 2, 'is24h': 1, 'isVip': 0, 'isPick': 0}, {'Id': 'DEAI4K', 'Name': '■瑞典Elodie Details', 'Sort': 3, 'is24h': 1, 'isVip': 0, 'isPick': 0}, {'Id': 'DEAIVS', 'Name': ' ■YoDa優的寶貝', 'Sort': 4, 'is24h': 1, 'isVip': 0, 'isPick': 0}, {'Id': 'DEAIF4', 'Name': '■捷克XKKO 有機棉', 'Sort': 5, 'is24h': 1, 'isVip': 0, 'isPick': 0}, {'Id': 'DEAIF7', 'Name': '■DollBao逗寶嬰童用品', 'Sort': 6, 'is24h': 1, 'isVip': 0, 'isPick': 0}, {'Id': 'DEAI59', 'Name': '■OceanBaby洋誠育兒', 'Sort': 7, 'is24h': 1, 'isVip': 0, 'isPick': 0}, {'Id': 'DEAIVJ', 'Name': ' ■Fresk 荷蘭有機棉', 'Sort': 8, 'is24h': 1, 'isVip': 0, 'isPick': 0}, {'Id': 'DEAIKP', 'Name': '■沐伊孕哺MOOIMOM', 'Sort': 9, 'is24h': 1, 'isVip': 0, 'isPick': 0}, {'Id': 'DEAIL8', 'Name': ' ■媽咪小站', 'Sort': 10, 'is24h': 1, 'isVip': 0, 'isPick': 0}, {'Id': 'DEAIBT', 'Name': ' ■新加坡hegen奶瓶', 'Sort': 11, 'is24h': 1, 'isVip': 0, 'isPick': 0}, {'Id': 'DEAIME', 'Name': '■瑞士OOPS烏噗司 背包', 'Sort': 12, 'is24h': 1, 'isVip': 0, 'isPick': 0}]"
